gene,label,prediction
A2ML1,1,1
ABCC1,1,1
ABHD8,1,1
ACBD4,1,1
ACP6,1,1
ACTBL2,1,1
ACTR1A,0,0
ACTR2,0,0
ADAMTS1,1,1
ADGRA1,1,1
AFG3L2,0,0
AGT,1,1
AK6,0,0
AKNA,1,1
ALDH3A2,1,1
ALG2,0,1
ALS2,1,1
ALYREF,0,0
ANKLE2,0,0
ANKRD11,1,0
ANXA3,1,1
AP1B1,1,1
AP1G1,1,0
AP3M1,1,1
APOBEC2,1,1
ARF4,0,0
ARHGEF11,1,1
ARID2,1,0
ARIH1,0,1
ARMH1,1,1
ASB2,1,1
ATP4B,1,1
ATP5F1B,0,0
ATP6V1C1,0,0
ATP6V1D,0,0
ATR,0,0
ATXN10,1,0
B3GALNT1,1,1
BCDIN3D,1,1
BCLAF3,1,1
BHLHE22,1,1
BOP1,0,0
BRF2,0,1
BUD31,0,0
C11orf68,1,1
C17orf75,1,1
C20orf27,1,1
CALN1,1,1
CAPRIN2,1,1
CCDC77,1,1
CCL7,1,1
CCNB1,0,0
CCT5,0,0
CD200,1,1
CDC42,0,0
CDH1,1,0
CDK9,0,0
CDKN2AIP,1,0
CDT1,0,0
CENPA,0,0
CENPU,1,0
CFAP298,0,1
CFAP45,1,1
CFAP77,1,1
CHMP6,0,0
CHPT1,1,1
CHTF8,1,1
CIAO2B,0,0
CIT,1,1
CLIP3,1,1
CLNS1A,0,0
CLTC,0,0
CNTN6,1,1
COA8,1,1
COG3,0,0
COMP,1,1
COPA,0,0
COPB1,0,0
COPG1,0,0
COPS6,0,0
COPZ1,0,0
CORO1A,1,1
CPSF2,0,0
CPSF6,0,0
CRCP,0,0
CSE1L,0,0
CTCF,0,0
CXCR3,1,1
CYP39A1,1,1
DBP,1,1
DCD,1,1
DCTN2,0,0
DDO,1,1
DDX11,0,0
DDX21,0,0
DDX27,0,0
DDX41,0,0
DDX46,0,0
DDX6,0,0
DENND10,1,1
DHX37,0,0
DMAP1,0,0
DNAJC9,0,0
DOCK7,1,1
DONSON,0,0
DPH7,1,1
DPP4,1,1
DRC1,1,1
DTYMK,0,0
DVL2,1,1
DYDC1,1,1
DYNC1H1,0,0
DYNLRB1,0,0
ECD,0,0
ECHDC1,1,1
ECT2,0,0
EFCAB13,1,1
EFHB,1,1
EFNA5,1,1
EGR2,1,1
EIF1,0,0
EIF2B5,0,0
EIF5,0,0
EIF5A,0,0
ELOC,0,0
ERH,0,0
ESPL1,0,0
ESS2,0,1
ETV6,1,1
EVX1,1,1
EXOSC10,1,0
EXOSC3,0,0
EXOSC4,0,0
EXOSC7,0,0
FAM120A,1,1
FAM170A,1,1
FARSA,0,0
FBXW9,1,1
FGF4,1,1
FGFBP1,1,1
FGFR3,1,1
FHDC1,1,1
FIZ1,1,1
FLNC,1,1
FNTA,0,1
GABPA,0,1
GALR3,1,1
GATAD2B,1,0
GEMIN7,0,0
GGPS1,0,0
GINM1,1,1
GINS1,0,0
GINS4,0,0
GLOD5,1,1
GLS2,1,1
GPN3,0,0
GPR18,1,1
GPRC5C,1,1
GPX4,0,1
GREM1,1,1
GRM2,1,1
GSPT1,0,0
GSTA2,1,1
GTF2B,0,0
GTF2H3,0,0
GTF3C2,0,0
GTF3C4,0,0
HAUS4,0,0
HAUS6,0,0
HCAR2,1,1
HHATL,1,1
HJURP,0,0
HNRNPH1,0,0
HNRNPU,0,0
HOXD4,1,1
HPR,1,1
HTR7,1,1
HYAL3,1,1
IDH1,1,0
IGBP1,0,1
IGFL2,1,1
IL20RB,1,1
IL27,1,1
IL9,1,1
ILF2,0,0
INTS5,0,0
INTS8,0,0
ISG20,1,1
ISG20L2,0,0
ITGB6,1,1
ITPRID2,1,1
IVNS1ABP,1,0
IZUMO4,1,1
JMY,1,1
KARS1,0,0
KAZN,1,1
KCTD7,1,1
KIF11,0,0
KIF26B,1,1
KIF4A,0,0
KLHDC1,1,1
KRR1,0,0
KRTAP4-2,0,1
LCE3B,1,1
LCP2,1,1
LENEP,1,1
LEO1,1,0
LGALS9C,1,1
LORICRIN,1,1
LRRC15,1,1
LRRC45,1,1
LRRC8C,1,1
LRRIQ4,1,1
LRRTM4,1,1
LSM11,0,0
LSM14A,1,0
LSM3,0,0
LSM5,0,0
LSM6,0,0
MAGOH,0,0
MAP3K19,1,1
MAP3K8,1,1
MAP7,1,1
MAPK10,1,1
MAPKAPK2,1,1
MARS1,0,0
MAT2A,0,0
MBD6,1,1
MCM3AP,0,0
MCM5,0,0
MCMBP,1,0
MCRIP2,1,1
MCRS1,0,0
MDH2,1,0
MED28,0,0
MED31,0,0
MED8,0,0
MEIOB,1,1
MELTF,1,1
MEMO1,1,1
METAP2,0,0
METTL16,0,0
MGRN1,1,1
MPHOSPH10,0,0
MRPS21,0,1
MSN,1,0
MSX1,1,1
MTBP,0,1
MTIF3,1,1
MTOR,0,0
NAA50,0,0
NARS1,0,0
NCAPD2,0,0
NDC80,0,0
NEIL2,1,1
NFKBIA,1,1
NFYC,0,0
NHLRC2,0,1
NIFK,0,0
NKX2-5,1,1
NMD3,0,0
NOP56,0,0
NPL,1,1
NR5A1,1,1
NRAP,1,1
NRF1,0,1
NSA2,0,0
NUP155,0,0
NUP88,0,0
NUP93,0,0
NUTF2,0,0
NVL,0,0
OFD1,1,1
OGT,0,1
OR10H5,1,1
OR13G1,1,1
OR1E1,1,1
OR2AT4,1,1
OR5T1,1,1
OR6B3,1,1
OSTC,1,1
OTUD6B,1,1
PAOX,1,1
PBRM1,1,0
PCBP4,1,1
PCDHGB3,1,1
PCLAF,1,1
PCYT1A,0,1
PDAP1,0,1
PDE6A,1,1
PGD,0,1
PGLYRP2,1,1
PHPT1,1,1
PIGM,1,1
PLAAT4,1,1
PLPP2,1,1
PLTP,1,1
PM20D2,1,1
PML,1,1
PMPCA,0,0
POLA1,0,0
POLA2,0,0
POLD1,0,0
POLD2,0,0
POLE,0,0
POLE2,0,0
POLR1B,0,0
POLR1D,1,0
POLR1E,0,0
POLR1F,0,0
POLR2E,0,0
POLR3C,0,0
POLR3F,0,0
POP7,0,0
PPP1CA,0,0
PPP1CB,0,0
PPP1R8,0,0
PPP3CC,1,1
PPP3R1,1,1
PPP4R2,0,0
PREB,0,0
PRPF31,0,0
PRR5,1,1
PSMA4,0,0
PSMA7,0,0
PSMB4,0,0
PSMD11,0,0
PSMD8,0,0
PSPN,1,1
PTPN11,0,1
PTPRE,1,1
RAB11B,1,1
RAD17,0,0
RAD51,0,0
RANGAP1,0,0
RAP1GAP,1,1
RAP1GAP2,1,1
RBM22,0,0
RBM42,0,0
RBX1,0,0
REC114,1,1
RFC2,0,0
RFC4,0,0
RHEB,0,0
RIOK3,1,0
RNASE13,1,1
RNFT1,1,1
ROBO4,1,1
RPAIN,0,0
RPAP2,0,0
RPF1,0,0
RPF2,0,0
RPL10A,0,0
RPL28,0,0
RPL35,0,0
RPL37,0,0
RPLP2,0,0
RPS17,0,0
RPS2,0,0
RPS23,0,0
RPS29,0,0
RPS4X,0,0
RPS6KA5,1,1
RPS8,0,0
RPS9,0,0
RRN3,0,0
RRP15,0,0
RSL1D1,0,0
SAC3D1,1,1
SARS1,0,0
SART3,0,0
SASH1,1,1
SBNO1,0,1
SCIMP,1,1
SCLT1,1,1
SCNN1G,1,1
SCRN3,1,1
SDE2,0,0
SERF2,1,1
SERGEF,1,1
SERTAD2,1,1
SF1,0,0
SF3A1,0,0
SF3B3,0,0
SFXN4,1,1
SHROOM4,1,1
SKA3,0,0
SKAP1,1,1
SLC2A5,1,1
SLC35F2,1,1
SLC39A7,0,1
SMC2,0,0
SMIM15,1,1
SMYD4,1,1
SNAPC2,0,1
SNAPC3,0,0
SNAPC5,0,0
SNRPE,0,0
SNX24,1,1
SOD3,1,1
SPATC1,1,1
SPATS1,1,1
SPATS2,1,1
SPDL1,0,0
SPINK9,1,1
SRCAP,0,0
SRD5A1,1,1
SRPK2,1,0
SRRM2,1,0
SRRM4,1,1
SRSF1,0,0
STX19,1,1
SUPT16H,0,0
SYMPK,0,0
SYNPO2L,1,1
TADA2B,1,0
TAF1A,0,0
TAF1L,1,1
TAF6,0,0
TAS2R43,1,1
TCF20,1,1
TCF4,1,1
TEX9,1,1
TFAP2A,1,1
TFB1M,1,1
TFIP11,0,0
TIMM10,0,0
TMED2,0,1
TMEM258,0,0
TMPRSS12,1,1
TP53INP1,1,1
TP53RK,0,0
TPI1,0,0
TPR,0,0
TPT1,0,0
TRAPPC1,0,1
TRAPPC4,0,0
TRIM37,0,1
TRMT112,0,0
TRNT1,0,0
TROAP,1,1
TSPAN5,1,1
TSR2,0,0
TTC21B,1,1
TTLL2,1,1
TUBA1C,0,0
TUBGCP2,0,0
TUBGCP4,0,0
TUBGCP5,0,0
TXNL1,1,0
U2AF1,0,0
UBE2D3,0,0
UBE2M,0,0
UCP2,1,1
UFD1,0,0
UGT2A1,1,1
UNC13D,1,1
UPF2,0,0
UQCRB,1,0
URB1,0,0
USP10,0,0
USP5,0,0
USPL1,0,0
UTP15,0,0
VARS1,0,0
VCP,0,0
WDFY2,1,1
WDR11,1,1
WDR46,0,0
WDR7,0,1
WDR74,0,0
WDR82,0,0
XRCC5,0,0
XRCC6,0,0
YJU2,0,0
ZBTB4,1,1
ZBTB43,1,1
ZDHHC11,1,1
ZFP36L1,1,1
ZFP41,1,1
ZMYM4,1,1
ZMYND8,1,1
ZNF426,1,1
ZNF563,1,1
ZNF785,1,1
ZNF891,1,1
ZNHIT2,0,0
ZNHIT6,0,0
ZPR1,0,0
ZRANB1,1,1
AARD,1,1
ABCF1,0,0
ABHD4,1,1
ABR,1,1
ABRAXAS1,1,1
ACOD1,1,1
ACTL6B,1,1
ACTR6,0,0
AGO2,1,0
AGTPBP1,1,1
AIG1,1,1
AK8,1,1
ALG1,0,1
ALG6,1,1
ALX3,1,1
AMZ2,1,1
ANKRD46,1,1
ANP32E,1,0
ARMC5,1,1
ASH2L,1,0
ATAD3A,1,1
ATAD5,1,0
ATF4,1,0
ATIC,1,0
ATL2,1,1
ATP23,1,0
ATP5F1E,0,0
ATP6V0C,0,0
ATP6V1G1,0,0
ATP6V1H,0,0
AURKA,0,0
BAMBI,1,1
BCL2A1,1,1
BCL2L1,0,1
BCL2L12,1,1
BMX,1,1
BRIX1,0,0
BTG2,1,1
BUB1B,0,0
C1orf159,1,1
C22orf31,1,1
CA3,1,1
CAB39,1,1
CCAR1,1,1
CCDC184,1,1
CCDC28A,1,1
CCNE1,1,0
CCNH,0,0
CCT3,0,0
CCT7,0,0
CD276,1,1
CD7,1,1
CDC20B,1,1
CDC26,0,0
CDC45,0,0
CDC5L,0,0
CDCA8,0,0
CDK6,0,0
CDK7,0,0
CDX1,1,1
CEBPZ,0,0
CENPW,0,0
CEP162,1,1
CEP164,1,1
CHAF1A,0,0
CHAF1B,0,0
CHCHD7,1,1
CHD1L,1,0
CHDH,1,1
CHERP,0,0
CHMP2A,0,0
CHMP3,0,0
CHMP4B,0,0
CIAPIN1,0,0
CKAP5,0,0
CLASRP,1,0
CLEC2D,1,1
CLIC2,1,1
CMC4,1,1
CMTM5,1,1
CNTN1,1,1
CNTN2,1,1
COA6,1,1
COPS4,0,0
COPS8,0,0
COX16,1,1
CPEB1,1,1
CRAMP1,1,1
CRAT,1,1
CSAG1,1,1
CSF3,1,1
CSMD1,1,1
CTNNBL1,0,0
CTRC,1,1
CWC27,1,0
CXCL12,1,1
CYP8B1,1,1
DAD1,0,0
DBR1,0,0
DCTN4,0,0
DCTN6,0,0
DDX42,0,0
DEPDC1B,1,1
DHX9,0,0
DNAJA3,0,0
DNAJC12,1,1
DNM2,0,0
DNMT1,0,0
DNTTIP2,0,0
DPP10,1,1
DSC3,1,1
DUSP19,1,1
DUSP4,1,1
DUT,0,0
DYRK3,1,1
ECM1,1,1
EEF1A1,0,0
EEF1E1,1,0
EFNA2,1,1
EIF2B3,0,0
EIF2S2,0,0
EIF2S3,0,0
EIF3A,0,0
EIF3B,0,0
EIF3D,0,0
EIF4G1,0,0
EIF4G2,0,0
ELAVL2,1,1
ELAVL3,1,1
EMC3,0,0
ENOPH1,1,1
EPAS1,1,1
EPRS1,0,0
ESRP1,1,0
ETNK2,1,1
EVI5L,1,1
EXOSC1,0,0
EXOSC5,0,0
EXOSC6,0,0
F9,1,1
FAM107A,1,1
FAM220A,1,1
FAM83F,1,1
FAT4,1,1
FBL,0,0
FBXL15,1,0
FBXO15,1,1
FCF1,0,0
FGB,1,1
FGF5,1,1
FUOM,1,1
FXN,1,0
GATM,1,1
GDAP1,1,1
GDF10,1,1
GDI2,1,0
GDPD4,1,1
GLP2R,1,1
GMPS,0,0
GNL2,0,0
GNL3L,0,0
GNRH2,1,1
GPC5,1,1
GRB2,0,0
GTF2A1L,1,1
GTF2E2,0,0
GTF2H4,0,0
GTF2I,1,1
GTF3A,0,0
GTPBP4,0,0
GUCY1B1,1,1
GUK1,0,1
GYPB,1,1
H2AC20,0,0
H2BC3,1,0
H2BC9,0,0
H4C3,1,1
HAUS1,0,0
HAUS3,0,0
HAUS7,0,0
HLA-DQB2,1,1
HMBOX1,1,1
HNF1B,0,1
HNRNPL,0,0
HOXA9,1,1
HP,1,1
HPN,1,1
HROB,1,1
HSPA5,0,0
HSPA9,0,0
HSPB9,1,1
HSPD1,0,0
HYPK,0,0
IARS1,0,0
IARS2,0,0
IFI27L1,1,1
IFT22,1,1
IGF2BP2,1,0
IL17REL,1,1
INA,1,1
INO80,0,0
INO80E,1,0
INSIG1,1,1
INTS2,0,0
INTS7,0,0
ITGAV,0,1
ITGB8,1,1
JMJD4,1,1
KANK3,1,1
KANSL1,0,0
KCNH8,1,1
KCNJ15,1,1
KCNS3,1,1
KIF23,0,0
KIN,0,0
KLHL25,1,1
KLHL31,1,1
KPNA2,1,0
KRI1,0,0
LCA5,1,1
LIMCH1,1,1
LLPH,1,1
LMBRD1,1,1
LPCAT2,1,1
LPP,1,1
LRRC24,1,1
LRRTM2,1,1
LSM2,0,0
LTB4R2,1,1
LUC7L3,0,0
LUM,1,1
MAK16,0,0
MAL,1,1
MAX,0,0
MCM4,0,0
MDM2,0,0
MED11,0,0
MED18,0,0
MED22,0,0
MED27,0,0
MED29,0,0
MFSD3,1,1
MFSD5,1,1
MOS,1,1
MRPL27,1,0
MRPL45,0,0
MRPS27,1,0
MRPS5,1,0
MSH4,1,0
MSL3,1,0
MTM1,1,1
MTREX,0,0
MTX2,1,0
MXD4,1,1
NAA25,0,1
NACAD,1,1
NAV1,1,1
NCAPD3,0,0
NCAPH,0,0
NCBP2,0,0
NDUFA5,1,1
NDUFAB1,0,0
NDUFAF8,1,1
NELFB,0,0
NEPRO,0,1
NFKBID,1,1
NOL9,0,0
NOP10,0,0
NOP16,0,0
NOP2,0,0
NPR3,1,1
NRG3,1,1
NRSN2,1,1
NSF,0,1
NSMCE3,0,1
NSRP1,1,0
NUP107,0,0
NUP85,0,0
NXF1,0,0
ODF2,1,0
ODF3B,1,1
OPHN1,1,1
OR2B11,1,1
OR51I2,1,1
OR52B6,1,1
ORC1,0,0
ORC6,0,0
P3H1,1,1
PABPC1,0,0
PABPN1,0,0
PARP4,1,1
PCDHB11,1,1
PCIF1,1,0
PDCD2,0,1
PDPK1,0,1
PDRG1,0,0
PFDN6,0,0
PHF5A,0,0
PHYH,1,1
PIK3C3,0,0
PLEKHF1,1,1
PLEKHG2,1,1
PLK1,0,0
PLRG1,0,0
PLS1,1,1
PNN,0,0
PNO1,0,0
PNPT1,0,0
POLR3D,1,0
POLR3H,0,0
POLR3K,0,0
PPAN,0,0
PPFIBP2,1,1
PPIE,0,0
PPIL2,0,0
PPIL4,0,0
PPP1R15A,1,1
PPP1R15B,1,0
PPP1R7,0,0
PPP2CB,1,0
PPWD1,0,0
PRMT1,0,0
PRPF8,0,0
PSG9,1,1
PSMB1,0,0
PSMC1,0,0
PSMC3,0,0
PSMC4,0,0
PSMD1,0,0
PSMD2,0,0
PSTK,1,0
PTDSS2,1,1
PTP4A2,1,1
PTPN23,0,1
PWP2,0,0
RABGGTB,0,0
RAC2,1,1
RAD1,0,0
RAE1,0,0
RAN,0,0
RASGRP3,1,1
RBBP6,0,0
RBM17,0,0
RBM19,0,0
RBM39,0,0
RET,1,1
RFC3,0,0
RFC5,0,0
RIOK1,0,0
RNASE4,1,1
RNF103,1,1
RNPC3,0,0
RNPS1,0,0
RPA2,0,0
RPAP1,0,0
RPL13,0,0
RPL17,0,0
RPL23,0,0
RPL26,0,0
RPL27,0,0
RPL36A,0,0
RPL37A,0,0
RPL5,0,0
RPL7,0,0
RPLP1,0,0
RPP14,0,0
RPP38,0,0
RPP40,0,0
RPS18,0,0
RPS20,0,0
RPS28,0,0
RPS3,0,0
RPTOR,0,0
RPUSD2,1,0
RRP1,0,0
RRP7A,0,0
RSRC1,1,0
RTF1,0,0
RUVBL1,0,0
S1PR2,1,1
SACM1L,0,0
SALL3,1,1
SAP30BP,0,1
SEC24C,1,0
SEC61G,0,0
SEH1L,0,0
SELPLG,1,1
SERINC2,1,1
SERPINA5,1,1
SERPINE1,1,1
SFSWAP,0,0
SH3BP5L,1,1
SHCBP1,1,1
SLU7,0,0
SMC4,0,0
SNRNP25,0,0
SNRNP27,0,0
SNRNP35,0,0
SNRPB,0,0
SNRPG,0,0
SNW1,0,0
SORCS2,1,1
SP8,1,1
SPC24,0,0
SPCS2,0,0
SPHK2,1,1
SPOUT1,0,0
SRBD1,0,1
SRP14,0,0
SRP19,0,0
SRP72,0,0
SRP9,0,0
SRPRA,0,0
SRSF10,0,0
SRSF11,0,0
SSBP2,1,1
SSRP1,0,0
SSU72,0,0
SSUH2,1,1
SSX3,1,1
STK10,1,1
STK40,1,1
STRA6,1,1
STX17,1,0
STX5,0,0
STYXL1,1,1
SUGP1,0,0
SYPL2,1,1
SYS1,0,1
TAC4,1,1
TARDBP,0,0
TAX1BP3,1,1
TBC1D1,1,1
TBCB,0,0
TBXAS1,1,1
TECPR2,1,1
TEKT4,1,1
THAP1,0,1
THBS1,1,1
THOC1,0,0
THOC2,0,0
THOC5,0,0
TIAM1,1,1
TIMM13,0,0
TIMM23,0,0
TIPIN,0,0
TMED10,0,0
TOP2A,0,0
TPD52,1,1
TRABD2A,1,1
TRAPPC8,0,0
TRPM1,1,1
TRRAP,0,0
TSEN54,0,0
TTC1,0,0
TXNRD2,1,1
UBA52,0,0
UBC,0,0
UBE2N,0,0
UBE2Q1,1,1
UBE2S,1,0
UBE2V1,1,0
UNC119,1,1
USP33,1,0
USP7,0,0
UTP11,0,1
VAT1L,1,1
VPS37A,1,0
VWA2,1,1
WBP11,0,0
WDHD1,0,0
WDR12,0,0
WDR77,0,0
WIPF3,1,1
XPO1,0,0
XRN2,0,0
YAE1,0,1
ZBTB8OS,0,0
ZC3H8,0,0
ZFP62,1,1
ZMAT4,1,1
ZNF131,0,1
ZNF524,1,1
ZNF557,1,1
ZNF573,1,1
ZNF654,1,1
ZNF688,1,1
ZNF711,1,1
ZNF93,1,1
ZPBP,1,1
ABCB7,0,0
ABCC9,1,1
ABCE1,0,0
ABT1,0,0
ACAP3,1,1
ACTL6A,0,0
ACTR10,0,0
ADGRL2,1,0
ADORA1,1,1
ADPRHL1,1,1
AGBL2,1,1
AGTR1,1,1
AKIRIN2,0,0
ANAPC10,0,0
ANAPC11,0,0
ANAPC5,0,0
ANKRD30A,1,1
ANO6,1,1
AOC1,1,1
AOX1,1,1
AQR,0,0
ARFGEF2,1,1
ARGFX,1,1
ARHGAP26,1,1
ARMC7,0,1
ARPC4,0,0
ATP1A1,0,1
ATP5F1D,1,0
ATP5MF,0,0
ATP6AP2,0,0
ATP6V0B,0,0
ATP9A,1,1
B3GNT5,1,1
BANP,0,0
BCAS2,0,0
BDP1,0,0
BEST1,1,1
BICD1,1,1
BMF,1,1
BMS1,0,0
BTF3,0,0
BUB1,0,0
BUB3,0,0
BUD13,0,0
C1orf105,1,1
C1orf74,1,1
C6orf132,1,1
CACTIN,0,0
CAPZA2,1,1
CASP9,1,1
CCDC102A,1,1
CCDC115,0,0
CCDC38,1,1
CCDC8,1,1
CCL24,1,1
CCM2,1,1
CCND1,0,0
CCNK,0,0
CCP110,1,0
CCR8,1,1
CCT2,0,0
CCT4,0,0
CDC27,0,0
CDC37,0,0
CDCA5,0,0
CDK5,1,1
CDK5RAP3,1,0
CFC1B,1,1
CGN,1,1
CHD4,0,0
CHEK1,0,0
CLDN20,1,1
CLEC4C,1,1
CLSPN,0,0
CLVS1,1,1
CMPK1,0,1
CNOT1,0,0
CNOT2,1,0
COA7,1,1
COPB2,0,0
COPS3,0,0
COPS5,0,0
CPSF1,0,0
CPT2,1,1
CPZ,1,1
CREB3L2,1,1
CRMP1,1,1
CSNK1A1,0,0
CSTF1,0,0
CTDP1,0,0
CTNND1,1,1
CWC22,0,0
CXCL6,1,1
CXCR2,1,1
CYB561D1,1,1
CYP26C1,1,1
CYP2C8,1,1
CYTH2,1,1
DCLK1,1,1
DCP1B,1,1
DCTN3,0,0
DDR1,1,1
DDX18,0,0
DDX24,0,0
DDX55,0,0
DGUOK,1,1
DHPS,0,0
DHX33,0,0
DHX38,0,0
DHX40,1,1
DHX8,0,0
DIS3,0,0
DLGAP2,1,1
DNAI3,1,1
DNAJC11,1,1
DNAJC8,0,0
DPY19L4,1,1
DRD3,1,1
DSG3,1,1
DTL,0,0
DTWD1,1,0
DYNC1I2,0,0
DYNLT4,1,1
EBNA1BP2,0,0
ECPAS,1,0
EEF1B2,0,0
EEF1G,0,0
EIF1AX,0,0
EIF2A,1,0
EIF2B1,0,0
EIF2B2,0,0
EIF2B4,0,0
EIF3G,0,0
EIF3M,0,0
EIF4A1,0,0
EIF4A3,0,0
EIPR1,1,0
EMC9,1,1
ENTPD5,1,1
ERCC2,0,0
ERCC3,0,0
ETF1,0,0
EXOSC9,0,0
FAM117A,1,1
FAM25A,1,1
FAR2,1,1
FARSB,0,0
FAU,0,0
FBXO5,0,0
FERMT2,0,1
FIP1L1,0,0
FKBP14,1,1
FLG,1,1
FLYWCH1,1,1
FRMD1,1,1
GABRA3,1,1
GABRG2,1,1
GALC,1,1
GATC,1,1
GBF1,0,0
GDAP1L1,1,1
GFPT1,1,1
GGTLC2,0,1
GH1,1,1
GKAP1,1,1
GMPR2,1,1
GNG8,1,1
GPBP1,1,1
GPCPD1,1,1
GPN1,0,0
GPS1,0,0
GPSM3,1,1
GRHPR,1,1
GRWD1,0,0
GTF2A2,0,0
GTF2E1,0,0
GTF3C1,0,0
H2BC11,0,0
H2BC13,0,0
H2BC15,0,0
HCFC1,0,0
HCFC2,1,1
HDAC3,0,0
HDAC6,1,1
HDGFL2,1,0
HEATR1,0,0
HGS,0,0
HIBADH,1,1
HK3,1,1
HMGCR,0,1
HMGCS1,0,1
HRNR,1,1
HTATSF1,0,0
HTR1E,1,1
HUWE1,0,0
ICAM5,1,1
IK,0,0
IL12RB2,1,1
IL18R1,1,1
IMP3,0,0
INPP5B,1,1
INSL3,1,1
ISCU,0,0
ITGAX,1,1
ITPR1,1,1
KAT8,0,0
KCMF1,0,1
KDM5B,1,1
KIF26A,1,1
KL,1,1
KLF3,1,1
KLHDC4,1,0
KLHL38,1,1
KMT5A,0,0
KNL1,0,1
KRTAP5-7,0,1
KTI12,1,1
LAMC3,1,1
LARS1,0,0
LCAT,1,1
LFNG,1,1
LGALS3,1,1
LGALS9,1,1
LIN54,1,0
LIPC,1,1
LLCFC1,1,1
LRRC59,1,0
LRRN4CL,1,1
LSM4,0,0
LUC7L,1,0
MACO1,1,0
MACROD1,1,1
MAD2L1BP,0,0
MAGI3,1,1
MAP4K2,1,1
MAPK7,1,1
MAPRE3,1,1
MASTL,0,0
MATN4,1,1
MB21D2,1,1
MCFD2,1,0
MCM3,0,0
MCM6,0,0
MED14,0,0
MED4,0,0
METTL7A,1,1
MICOS13,1,0
MIS18BP1,0,0
MMS22L,0,0
MRGBP,0,0
MTERF3,1,1
MTHFD1L,1,1
MYC,0,0
MYOF,1,1
MZT1,0,0
NAA10,0,1
NAA15,0,0
NAA40,1,0
NBN,1,0
NCAPG2,0,0
NEUROG2,1,1
NFE2L3,1,1
NFXL1,1,1
NIPSNAP3B,1,1
NLE1,0,0
NLRP12,1,1
NOB1,0,0
NOC2L,0,0
NOL10,0,0
NOL11,0,0
NOL6,0,0
NOM1,0,0
NPLOC4,0,0
NR2F6,1,1
NRGN,1,1
NSUN7,1,1
NTPCR,1,1
NUDC,0,0
NUDT11,1,1
NUDT21,0,0
NUDT6,1,1
NUF2,0,0
NUP133,0,0
NUP160,0,0
OPTC,1,1
OR1I1,1,1
OR4N5,1,1
OSGEP,0,0
PAF1,0,0
PAK1IP1,0,0
PANX3,1,1
PCBP1,0,0
PCDHA8,1,1
PCDHB15,1,1
PDCD11,0,0
PDE10A,1,1
PDE4B,1,1
PDIA3,1,0
PERP,1,1
PES1,0,0
PET100,1,1
PGK1,0,0
PIGO,1,1
PKIA,1,1
PKMYT1,0,1
PLCH1,1,1
PLIN4,1,1
PMVK,1,0
POLR2B,0,0
POLR2G,0,0
POLR3B,0,0
POLR3E,0,0
POP5,0,0
PPA1,0,0
PPM1G,1,0
PPP1R11,0,1
PPP2CA,0,0
PPP2R1A,0,0
PRIM1,0,0
PRKAA1,1,1
PRKAR1B,1,1
PRMT5,0,0
PROK1,1,1
PRPF38A,0,0
PRPF38B,0,0
PRPF40A,0,0
PRPF6,0,0
PSMA1,0,0
PSMA2,0,0
PSMB6,0,0
PSMC2,0,0
PSMC5,0,0
PSMD12,0,0
PSMD4,0,0
PSTPIP1,1,1
PTPRT,1,1
QARS1,0,0
RAB43,1,1
RACGAP1,0,0
RACK1,0,0
RALGPS1,1,1
RBBP5,0,0
RBBP8,0,0
RBM14,0,0
RDH13,1,1
REC8,1,0
RELL1,1,1
RETREG2,1,0
RFX6,1,1
RHOBTB1,1,1
RINT1,0,0
RNF20,0,0
ROMO1,0,1
RPA4,1,1
RPL11,0,0
RPL14,0,0
RPL15,0,0
RPL19,0,0
RPL24,0,0
RPL27A,0,0
RPL36AL,0,0
RPL6,0,0
RPL7L1,0,0
RPS15,0,0
RPS16,0,0
RPS3A,0,0
RRM2,0,1
RRP9,0,0
RSC1A1,1,1
RSL24D1,0,0
RTCB,0,0
RTEL1,0,0
RTF2,0,0
S100A7,1,1
SAP18,0,0
SCN8A,1,1
SCT,1,1
SCYL1,1,0
SEC61A1,0,0
SENP6,0,1
SF3A3,0,0
SF3B5,0,0
SGO1,0,0
SGPP2,1,1
SHROOM2,1,1
SIGLEC7,1,1
SLC22A10,1,1
SLC26A6,1,1
SLC2A6,1,1
SLC49A4,1,1
SMC5,0,0
SMG5,0,0
SMG6,0,0
SMNDC1,0,0
SMS,1,1
SNAP23,0,0
SOD1,0,0
SPAG5,1,0
SPAM1,1,1
SPATA46,1,1
SPATA5L1,0,1
SPC25,0,0
SPSB3,1,1
SPTLC1,0,0
SRFBP1,0,0
SRRM1,0,0
SSBP3,1,1
STAU2,1,0
STING1,1,0
STOX2,1,1
STRAP,0,0
STX18,0,0
SULT1C4,1,1
SUPT5H,0,0
SURF2,1,0
SYF2,0,0
SYNGR1,1,1
SZRD1,1,0
TAF12,1,0
TAF7,0,0
TANGO6,0,1
TBCD,0,0
TBL3,0,0
TCP1,0,0
TFAM,1,1
TFPT,1,0
TGS1,0,0
THNSL2,1,1
THOC7,0,0
TIMM44,0,0
TJP2,1,1
TK2,1,1
TMA16,0,1
TMED8,1,1
TMED9,1,0
TMEM150A,1,1
TMEM234,1,1
TMEM268,1,1
TMEM41A,1,1
TMEM44,1,1
TMEM69,1,1
TMPO,1,1
TMSB10,1,1
TOP3A,0,0
TRIAP1,0,1
TRIB1,1,1
TRIM27,1,1
TRMT61B,1,0
TRPV6,1,1
TTI2,0,0
TTK,0,0
TUBB,0,0
TUBGCP3,0,0
TXN,0,0
U2AF2,0,0
U2SURP,0,0
UBE2I,0,0
UBE2L3,0,0
UBL5,0,0
UBLCP1,1,0
UBXN6,1,0
UCN3,1,1
UHRF2,1,1
USP37,0,1
USP44,1,1
USP8,0,1
UTP18,0,0
UTP20,0,0
UTP23,0,0
UTP6,0,0
UXT,0,0
VDAC1,0,0
VMP1,0,1
VPS13D,0,1
WDR18,0,0
WDR33,0,0
WDR43,0,0
WDR5,0,0
WTAP,0,0
XKRX,1,1
YIPF6,1,1
YWHAZ,0,0
ZC3H4,1,0
ZDHHC22,1,1
ZFYVE26,1,1
ZNF19,1,1
ZNF264,1,1
ZNF318,1,1
ZNF512B,1,1
ZNF517,1,1
AARS1,0,0
ABCD2,1,1
ABRACL,1,1
ADAMTS15,1,1
ADCY10,1,0
ADGRG4,1,1
AHCTF1,0,0
ALDOA,0,0
ALG11,0,1
ALG14,0,1
ANAPC4,0,0
ANKRD52,1,0
AQP1,1,1
ARCN1,0,0
ARHGEF18,1,1
ARL2,0,0
ASB18,1,1
ATG7,1,0
ATP6AP1,0,0
ATP6V1A,0,0
ATP6V1F,0,0
ATRX,1,0
AURKB,0,0
BACH2,1,1
BANF1,0,0
BCKDK,1,1
BMPER,1,1
BOK,1,1
BORCS5,1,1
BRD8,1,0
BRF1,0,0
BTN3A3,1,1
BUD23,0,0
C19orf53,0,1
C1RL,1,1
C1orf109,0,1
C3orf18,1,1
C6orf141,1,1
CAND2,1,1
CARM1,1,0
CARS1,0,0
CBFB,1,1
CCDC152,1,1
CCDC174,0,0
CCDC198,1,1
CCDC59,0,1
CCL14,1,1
CDC123,0,0
CDC20,0,0
CDC73,0,0
CELSR2,1,1
CENATAC,0,1
CENPC,0,0
CENPM,0,0
CENPN,0,0
CEP192,0,0
CERT1,1,1
CES4A,1,1
CFAP299,1,1
CFAP43,1,1
CFLAR,0,1
CHMP7,0,0
CHST1,1,1
CIAO1,0,0
CITED4,1,1
CKM,1,1
CLDN17,1,1
CLP1,0,0
CLRN3,1,1
CNOT3,0,0
COG6,1,0
COPS2,0,0
COQ9,1,1
CPSF4,0,0
CRCT1,1,1
CRIP2,1,1
CSF1,1,1
CSNK2A2,1,0
CSNK2B,0,0
CST7,1,1
CSTF3,0,0
CTR9,0,0
CTSK,1,1
CTTNBP2,1,1
CYP4A22,1,1
DARS1,0,0
DBF4B,1,1
DCANP1,1,1
DCTN1,1,0
DCTN5,0,0
DDB1,0,0
DDOST,0,0
DDX23,0,0
DDX3X,0,0
DDX5,0,0
DECR2,1,1
DENND1C,1,1
DESI2,1,1
DHX15,0,0
DKC1,0,0
DLGAP1,1,1
DMRTC2,1,1
DMXL2,1,1
DNAJC17,0,0
DNLZ,1,1
DPAGT1,0,1
DPP3,1,1
E2F5,1,1
EARS2,1,1
EEF2KMT,0,1
EIF1AD,0,0
EIF4E,0,0
EIF6,0,0
ELAC2,0,0
ELF5,1,1
ELL,0,0
ELOB,0,1
ELP5,0,1
EMC4,1,1
EPM2AIP1,1,1
EPSTI1,1,1
EXOSC2,0,0
EXOSC8,0,0
FAM166B,1,1
FAM32A,0,1
FAM83B,1,1
FAM83E,1,1
FBRSL1,1,1
FGFR1,1,1
FGFR4,1,1
FOXD4,0,1
FOXO3B,1,1
FOXQ1,1,1
FOXRED2,1,1
FOXS1,1,1
FRMD6,1,1
FRMPD2,1,1
FTSJ3,0,0
FUZ,1,1
FZD4,1,1
GAD1,1,1
GARS1,0,0
GAS2L1,1,1
GATB,1,0
GEMIN5,0,0
GET3,0,0
GGCT,1,1
GIMAP6,1,1
GNA13,1,1
GNG4,1,1
GNGT2,1,1
GOSR2,0,0
GPHA2,1,1
GPT,1,1
GRIA2,1,1
GRK2,1,1
GSS,1,1
GTF2A1,0,0
GTPBP8,1,1
H2AC12,0,0
H2AC6,0,0
HARS1,0,0
HAUS2,0,0
HAUS8,0,0
HBM,1,1
HDAC2,1,0
HDGF,1,1
HDHD3,1,1
HIBCH,1,1
HNRNPC,0,0
HOMER2,1,1
HOXC6,1,1
HPS1,1,1
HS6ST1,1,1
HSD17B10,1,0
HSPA8,0,0
HSPE1,0,0
HTN1,1,1
ICE1,0,0
IER3IP1,1,1
IFFO1,1,1
IGSF6,1,1
IKZF4,1,1
ILF3,0,0
INAVA,1,1
INPP5J,1,1
INTS1,0,0
INTS3,0,0
INTS4,0,0
IPO7,0,0
JOSD1,1,1
KANSL2,0,0
KANSL3,0,0
KCNJ13,1,1
KIF18A,0,0
KLHL21,1,1
KRT222,1,1
KRT31,1,1
KRTAP3-3,1,1
KRTAP6-2,1,1
LAMC2,1,1
LANCL2,1,1
LAS1L,0,0
LCE2C,0,1
LHX9,1,1
LINS1,1,1
LRBA,1,1
LRIF1,1,0
LRR1,0,1
LSG1,0,0
LSM7,0,0
LTV1,0,0
MAD2L1,0,0
MAGED1,1,1
MAP7D1,1,1
MARCHF4,1,1
MDN1,0,0
MECR,1,1
MED10,1,0
MED12,1,0
MED17,0,0
MED30,0,0
MED6,0,0
MEPCE,0,0
MESP2,1,1
MEX3B,1,1
MFAP1,0,0
MIER2,1,1
MIS12,0,0
MLANA,1,1
MMS19,0,0
MPP4,1,1
MSMB,1,1
MTG1,1,0
MUS81,1,0
MVK,0,1
MXRA5,1,1
MYCN,1,1
MYO1F,1,1
MYPOP,1,1
NAA80,1,1
NAPA,0,0
NAT10,0,0
NCAPH2,0,0
NCBP1,0,0
NCL,0,0
NCOA6,1,0
NDOR1,0,1
NELFA,0,0
NETO2,1,1
NFATC2,1,1
NFS1,0,0
NGDN,0,0
NIP7,0,0
NKAP,0,1
NMNAT3,1,1
NOC3L,1,0
NOC4L,0,0
NOL4L,1,1
NSL1,0,0
NUP98,0,0
NUS1,0,0
NXPE4,1,1
OLFML3,1,1
OR2M3,1,1
OR5I1,1,1
OR6C74,1,1
ORM1,1,1
OSTF1,1,1
OXSM,1,0
PAFAH1B1,0,0
PATL2,1,1
PAX8,0,1
PAXBP1,0,0
PCBP2,0,0
PDCD7,0,0
PEG10,1,1
PFDN2,0,0
PFDN5,0,0
PFN1,0,0
PHAX,0,0
PHB2,0,0
PHF7,1,1
PI4KA,1,1
PIR,1,1
PLA2G7,1,1
PLAA,1,0
PLSCR3,1,1
PMPCB,0,0
POLR1C,0,0
POLR1H,0,0
POLR2D,0,0
POLR2F,0,0
POLR2H,0,0
POLR2I,0,0
POLR2K,0,0
POP1,0,0
POP4,0,0
PPIC,1,1
PPM1D,1,0
PPP1R10,0,0
PPP1R12A,0,0
PPP1R1B,1,1
PPP4C,0,0
PRC1,0,1
PRELID1,0,0
PRELID3B,0,1
PRPF18,0,0
PRPF19,0,0
PRPF3,0,0
PRRT2,1,1
PRTG,1,1
PRXL2B,1,1
PSMA3,0,0
PSMA5,0,0
PSMA6,0,0
PSMB2,0,0
PSMB3,0,0
PSMB7,0,0
PSMC6,0,0
PSMD6,0,0
PSMG3,0,0
PTGFR,1,1
RAB21,1,1
RAB7A,0,0
RABEP1,1,0
RABGGTA,0,0
RAD54L,1,0
RAD9A,0,0
RANBP1,1,0
RANBP3L,1,1
RARS1,0,0
RBM12B,1,1
RBMX2,0,0
RBMXL1,0,1
RBP1,1,1
RESF1,1,1
RGS22,1,1
RHPN2,1,1
RIC3,1,1
RIOK2,0,0
RNF113A,0,0
RNF181,1,1
ROPN1L,1,1
RPA3,0,0
RPL10,0,0
RPL12,0,0
RPL18,0,0
RPL23A,0,0
RPL30,0,0
RPL31,0,0
RPL32,0,0
RPL7A,0,0
RPL8,0,0
RPL9,0,0
RPLP0,0,0
RPP30,0,0
RPS10,0,0
RPS11,0,0
RPS12,0,0
RPS14,0,0
RPS15A,0,0
RPS21,0,0
RPS25,0,0
RPS5,0,0
RPSA,0,0
RTTN,1,1
SART1,0,0
SASS6,0,0
SDHAF1,1,1
SDHC,0,1
SEC13,0,0
SEM1,0,0
SEPHS2,0,1
SEPTIN12,1,1
SETD1A,0,0
SF3B4,0,0
SF3B6,0,0
SFPQ,0,0
SGSM2,1,1
SHPRH,1,0
SIN3A,0,0
SKA2,0,0
SKP1,0,0
SLC12A5,1,1
SLC22A4,1,1
SLC25A23,1,1
SLC35D1,1,1
SLC39A5,1,1
SLC7A11,1,1
SLC9A3R1,1,1
SLCO3A1,1,1
SMC3,0,0
SMC6,0,0
SMU1,0,0
SNAPC4,0,0
SNRPF,0,0
SNU13,0,0
SOCS5,1,1
SOD2,0,1
SPATA2,1,1
SPATA5,0,0
SRP68,0,0
SRRT,0,0
ST13,1,1
ST7L,1,1
STYX,1,1
SUB1,1,0
SUDS3,0,0
SULF1,1,1
SUPT6H,0,0
SUPV3L1,0,0
SYNCRIP,1,0
SYT1,1,1
TAF1,0,0
TAF1B,0,0
TAF1C,0,0
TARS2,1,0
TASOR2,1,1
TBCA,0,1
TBCC,0,1
TBP,0,0
TDGF1,1,1
TERF2,0,0
TEX36,1,1
TFRC,1,0
TIMELESS,0,0
TINF2,0,0
TMEM132D,1,1
TMEM70,1,1
TNFRSF10B,1,1
TNFRSF11A,1,1
TOMM20L,1,1
TOMM40,0,0
TONSL,0,0
TOPBP1,0,0
TPRG1L,1,1
TPST1,1,1
TRAIP,1,0
TRAPPC3,0,0
TRIM50,1,1
TRMT11,1,0
TRPC7,1,1
TSG101,0,0
TSKU,1,1
TSPAN16,1,1
TSR1,0,0
TTC27,0,0
TUBG1,0,0
TUT1,0,0
TXNL4A,0,0
UBA1,0,0
UBA2,0,0
UBA5,0,1
UBAP1,0,1
UNC45B,1,1
URI1,0,0
USP15,1,0
USP3,1,1
VPS18,0,0
VPS25,0,0
VPS33A,0,1
VPS52,0,0
VTI1A,1,1
WARS1,0,0
WDR3,0,0
WDR36,0,0
WDR54,1,1
WDR55,0,0
WDR75,0,0
WEE1,0,0
WNK1,0,1
XAB2,0,0
YARS1,0,0
YY1,0,0
ZBTB5,1,1
ZDHHC21,1,1
ZDHHC7,1,1
ZMAT2,0,0
ZMYND10,1,1
ZNF207,0,0
ZNF26,1,1
ZNF395,1,1
ZNF530,1,1
ZNF549,1,1
ZNF665,1,1
ZNF7,1,1
ZNF75D,1,1
ZNF80,1,1
ZSCAN5A,1,1
AAMP,0,0
AATF,0,0
ABCB9,1,1
ACOT1,1,1
ACSM5,1,1
ACTG1,0,0
ADAM8,1,1
ADAR,1,0
ADAT2,1,1
ADCY2,1,1
ADM2,1,1
AFF1,1,0
AFMID,1,1
AGMO,1,1
AKAP4,1,1
ALAS2,1,1
ALG13,0,1
ANAPC1,0,0
ANAPC2,0,0
ARFRP1,0,1
ARHGAP32,1,1
ARPC3,0,0
ARSL,1,1
ATP2A2,0,1
ATP6V0D1,0,0
ATP6V1B2,0,0
ATP6V1E1,0,0
BAX,1,1
BIRC2,1,1
BIRC5,0,0
BORCS8,1,1
BRD4,0,0
BTBD16,1,1
BTC,1,1
BYSL,0,0
C1QTNF1,1,1
C1orf131,0,1
C1orf226,1,1
C3orf14,1,1
C3orf20,1,1
CAPZB,0,0
CAT,1,1
CCDC120,1,1
CCDC170,1,1
CCDC69,1,1
CCNA2,0,0
CCT6A,0,0
CCT8,0,0
CD180,1,1
CDC16,0,0
CDC23,0,0
CDC6,0,0
CDC7,0,0
CDH10,1,1
CDK1,0,0
CDKL1,1,1
CENPE,0,0
CENPK,0,0
CEP89,1,1
CHCHD4,0,1
CHD6,1,1
CHL1,1,1
CHPF2,1,1
CHRDL1,1,1
CIAO3,0,1
CINP,0,1
CLSTN3,1,1
CMKLR1,1,1
CMSS1,1,0
COL22A1,1,1
COL6A3,1,1
COPE,0,0
CPSF3,0,0
CR1,1,1
CRKL,0,1
CRNKL1,0,0
CRX,1,1
CRYGB,1,1
CST9L,1,1
DAPK1,1,1
DBF4,0,0
DBNL,1,1
DDX10,0,0
DDX20,0,0
DDX47,0,0
DDX49,0,0
DDX51,0,0
DDX52,0,0
DDX54,0,0
DDX56,0,0
DDX59,0,1
DENR,0,0
DHDDS,0,1
DHFR,0,0
DHRS11,1,1
DHX16,0,0
DIMT1,0,0
DNAJA4,1,1
DNAJB13,1,1
DND1,1,1
DNMBP,1,1
DPH3,0,1
DPPA4,1,1
DRGX,1,1
DRICH1,1,1
DSE,1,1
DSG1,1,1
DSN1,0,0
DYNC2I2,1,0
EBAG9,1,1
EBI3,1,1
EDNRB,1,1
EEF2,0,0
EFL1,0,1
EFTUD2,0,0
EIF2S1,0,0
EIF3E,0,0
EIF3F,0,0
EIF3H,0,0
EIF3I,0,0
ELN,1,1
ELP1,0,1
ELP3,0,0
ELP6,0,0
EMID1,1,1
EP400,0,0
EPC2,1,1
ESF1,0,0
EWSR1,0,0
FAF2,1,0
FAM133B,0,1
FAM216A,1,1
FANCD2,1,0
FBLN7,1,1
FEN1,0,0
FGF17,1,1
FKBP2,1,0
FPR2,1,1
FSD1,1,1
FXR1,1,0
GAPDH,0,0
GCAT,1,1
GIMAP8,1,1
GINS2,0,0
GINS3,0,0
GLO1,1,0
GMPPB,0,1
GNL3,0,0
GPATCH2,1,1
GPD1,1,1
GPKOW,0,0
GPN2,0,1
GPRC5D,1,1
GRPEL1,0,0
GTF2F2,0,0
HAUS5,0,0
HCN3,1,1
HEBP1,1,1
HELB,1,1
HINFP,0,1
HLA-DMB,1,1
HLA-DQA1,1,1
HNRNPD,1,0
HNRNPK,0,0
HNRNPM,0,0
HPS4,1,1
HS2ST1,1,1
HSPA1L,1,1
HSPA4L,1,0
HYOU1,0,1
IFI16,1,0
IFITM3,0,0
IL33,1,1
IMP4,0,0
INCENP,0,0
INSIG2,1,1
INTS11,0,0
INTS9,0,0
IPO11,0,0
IPO13,0,1
IQCK,1,1
ISY1,0,0
ITGA9,1,1
JAK1,1,0
KAT2A,1,0
KCNS1,1,1
KCTD3,1,1
KIF19,1,1
KIF4B,1,1
KLF8,1,1
KLK14,1,1
KPNB1,0,0
LAPTM5,1,1
LCE1D,1,1
LCN2,1,1
LETM1,0,1
LIME1,1,1
LONP1,0,0
LPO,1,1
LRRC47,1,0
LRRFIP1,1,1
LRRTM1,1,1
LSM8,0,0
LTO1,0,1
LYN,1,1
LYRM4,0,0
MAD2L2,0,0
MAP2K7,1,1
MCF2L2,1,1
MCM10,0,0
MCM2,0,0
MCM7,0,0
MCTS1,1,0
MED20,0,1
MED21,0,0
MED26,0,0
MFAP2,1,1
MFF,1,0
MLST8,0,0
MND1,1,1
MOCS3,0,1
MROH7,1,1
MRPS6,1,1
MRTO4,0,0
MS4A6A,1,1
MTMR12,1,1
MYD88,1,1
MYO1C,1,0
NACA,0,0
NAPG,0,1
NCAPG,0,0
NDUFA10,1,1
NEDD1,0,0
NEDD8,0,0
NEK5,1,1
NLGN4X,1,1
NOL8,0,0
NOP14,0,0
NOP58,0,0
NOP9,0,0
NPAT,0,0
NR1I2,1,1
NRBP1,0,1
NRDE2,0,0
NSG1,1,1
NTRK3,1,1
NUBP1,0,0
NUFIP1,0,0
NUP205,0,0
NUP214,0,0
NUP43,0,0
NUP50,1,0
NUSAP1,1,0
NXN,1,1
OIP5,0,0
OR10A7,1,1
OR10G4,1,1
OR4A16,1,1
OR4D6,1,1
OR4P4,1,1
OXA1L,0,0
PAM16,0,0
PCDH18,1,1
PCF11,0,0
PCID2,0,0
PCNA,0,0
PDE11A,1,1
PDZK1IP1,1,1
PELP1,0,0
PFKL,1,0
PFKM,1,0
PFN4,1,1
PIGC,1,1
PKD2L1,1,1
PLK4,0,0
PMF1,0,0
PNP,1,0
POLD3,0,0
POLR1A,0,0
POLR2C,0,0
POLR2L,0,0
POLR3A,0,0
POMP,0,0
PP2D1,1,1
PPIA,0,0
PPIB,1,0
PPP3R2,1,1
PRPF4,0,0
PSMB11,1,1
PSMB5,0,0
PSMD13,0,0
PSMD14,0,0
PSMD3,0,0
PSMD7,0,0
PSMG4,0,1
PTH,1,1
PTK2,0,1
PUF60,0,0
PWP1,0,0
PYROXD1,0,1
RABL2A,1,1
RAC1,0,0
RAD21,0,0
RAD51C,0,0
RANBP10,1,0
RBBP4,0,0
RBM25,0,0
RBM34,1,1
RBM4B,1,0
RBM8A,0,0
RBMX,0,0
RCC1,0,0
RCL1,0,0
RCN3,1,1
REX1BD,1,1
RFT1,0,1
RFXAP,1,1
RHOQ,0,1
RHOV,1,1
RNF208,1,1
RNGTT,0,0
RNMT,0,0
ROCK2,1,1
RPA1,0,0
RPL13A,0,0
RPL18A,0,0
RPL21,0,0
RPL3,0,0
RPL35A,0,0
RPL36,0,0
RPL38,0,0
RPL4,0,0
RPN1,0,0
RPP21,0,1
RPS13,0,0
RPS19,0,0
RPS24,0,0
RPS27A,0,0
RPS6,0,0
RPS7,0,0
RRM1,0,0
RRP12,0,0
RRS1,0,0
RTN4RL2,1,1
RTP4,1,1
RUBCNL,1,1
RUNX2,1,1
RUVBL2,0,0
SAE1,0,0
SBDS,0,0
SCARB2,1,1
SCFD1,0,0
SCYL2,1,1
SDAD1,0,0
SDC4,1,1
SEC11A,1,0
SEL1L2,1,1
SEMA3G,1,1
SEPTIN5,1,1
SERPINA1,1,1
SERPINA9,1,1
SF3A2,0,0
SF3B1,0,0
SF3B2,0,0
SH2D2A,1,1
SHROOM1,1,1
SIX1,1,1
SLAIN1,1,1
SLC10A4,1,1
SLC22A6,1,1
SLC23A2,1,1
SLC24A2,1,1
SLC35B1,0,1
SLC35E2B,1,1
SLC4A4,1,1
SLC7A6OS,0,0
SMARCAD1,1,1
SMC1A,0,0
SMOC1,1,1
SMPD1,1,1
SNAPC1,0,0
SNF8,0,0
SNRNP200,0,0
SNRNP70,0,0
SNRPA1,0,0
SNRPB2,0,0
SNRPC,0,0
SNRPD1,0,0
SNRPD2,0,0
SNRPD3,0,0
SNUPN,0,0
SNX9,1,1
SON,0,0
SPACA7,1,1
SPANXN3,1,1
SPCS3,0,0
SPI1,1,1
SPRR4,1,1
SPRTN,0,0
SPTY2D1,1,1
SRP54,0,0
SRSF2,0,0
SRSF3,0,0
SRSF7,0,0
SS18L2,0,1
ST3GAL6,1,1
STK25,1,1
STK31,1,1
STRA8,1,1
SUCO,1,0
SULT2A1,1,1
SUN2,1,0
SYNJ1,1,1
SYTL3,1,1
TAF1D,0,0
TAF5,0,0
TAF8,0,0
TARS1,0,0
TAS1R2,1,1
TBX20,1,1
TECTA,1,1
TGM6,1,1
THOC3,0,0
THRA,1,0
TICRR,0,1
TLE1,1,1
TMEM120A,1,1
TMEM123,1,1
TMEM215,1,1
TMEM64,1,1
TMEM97,1,0
TMPRSS5,1,1
TNPO3,0,0
TOMM22,0,0
TOMM7,1,0
TOP1,0,0
TPX2,0,0
TRAPPC11,0,0
TRAPPC5,0,0
TREM1,1,1
TREX2,1,1
TSEN2,1,0
TSHZ3,1,1
TTC9,1,1
TUBA1A,1,1
TUBA1B,0,0
TUBGCP6,0,0
TXNL4B,0,0
UBE2C,0,0
UBQLN3,1,1
UBR4,0,0
UBTF,0,0
UGT8,1,1
UPF1,0,0
URB2,0,0
USP19,1,1
USP36,0,0
USP39,0,0
UTP4,0,0
VIM,1,0
VIRMA,0,1
VPS28,0,0
WAPL,1,1
WDR1,0,0
WDR25,0,1
WDR70,0,1
YARS2,0,0
YBX1,0,0
YEATS4,0,0
YIPF2,1,1
YKT6,0,0
YPEL2,1,1
YRDC,0,0
ZBBX,1,1
ZBP1,1,1
ZBTB11,0,1
ZDBF2,1,1
ZNF257,1,1
ZNF285,1,1
ZNF492,0,1
ZNF493,1,1
ZNF519,1,1
ZNF577,1,1
ZNF830,0,0
ZNF862,1,1
ZRSR2,1,0
ZSCAN16,1,1
ZSCAN4,1,1
ZZEF1,1,1
